SKU,Images
BAS-FOR 137UNCNA,https://inspiry.co.nz/wp-content/uploads/2021/Basford-Brands/BAS-FOR 137UNCNA.jpg
BAS-HAI 145UNCMU,https://inspiry.co.nz/wp-content/uploads/2021/Basford-Brands/BAS-HAI 145UNCMU.jpg
BAS-LITH 300BL,https://inspiry.co.nz/wp-content/uploads/2021/Basford-Brands/BAS-LITH 300BL.jpg
BAS-LITH 300CL,https://inspiry.co.nz/wp-content/uploads/2021/Basford-Brands/BAS-LITH 300CL.jpg
BAS-LITH 300DU,https://inspiry.co.nz/wp-content/uploads/2021/Basford-Brands/BAS-LITH 300DU.jpg
BAS-LITH 300FL,https://inspiry.co.nz/wp-content/uploads/2021/Basford-Brands/BAS-LITH 300FL.jpg
BAS-LITH 300FO,https://inspiry.co.nz/wp-content/uploads/2021/Basford-Brands/BAS-LITH 300FO.jpg
BAS-LITH 300LI,https://inspiry.co.nz/wp-content/uploads/2021/Basford-Brands/BAS-LITH 300LI.jpg
BAS-LITH 300NA,https://inspiry.co.nz/wp-content/uploads/2021/Basford-Brands/BAS-LITH 300NA.jpg
BAS-LITH 300OV,https://inspiry.co.nz/wp-content/uploads/2021/Basford-Brands/BAS-LITH 300OV.jpg
BAS-LITH 300PA,https://inspiry.co.nz/wp-content/uploads/2021/Basford-Brands/BAS-LITH 300PA.jpg
BAS-LITH 300SH,https://inspiry.co.nz/wp-content/uploads/2021/Basford-Brands/BAS-LITH 300SH.jpg
BAS-LITH 300SI,https://inspiry.co.nz/wp-content/uploads/2021/Basford-Brands/BAS-LITH 300SI.jpg
BAS-LITH 300SM,https://inspiry.co.nz/wp-content/uploads/2021/Basford-Brands/BAS-LITH 300SM.jpg
BAS-LITH 300SN,https://inspiry.co.nz/wp-content/uploads/2021/Basford-Brands/BAS-LITH 300SN.jpg
BAS-LITH 300SR,https://inspiry.co.nz/wp-content/uploads/2021/Basford-Brands/BAS-LITH 300SR.jpg
BAS-LITH 300ST,https://inspiry.co.nz/wp-content/uploads/2021/Basford-Brands/BAS-LITH 300ST.jpg
BAS-OPUL 320BL,https://inspiry.co.nz/wp-content/uploads/2021/Basford-Brands/BAS-OPUL 320BL.jpg
BAS-OPUL 320CH,https://inspiry.co.nz/wp-content/uploads/2021/Basford-Brands/BAS-OPUL 320CH.jpg
BAS-OPUL 320IR,https://inspiry.co.nz/wp-content/uploads/2021/Basford-Brands/BAS-OPUL 320IR.jpg
BAS-OPUL 320IV,https://inspiry.co.nz/wp-content/uploads/2021/Basford-Brands/BAS-OPUL 320IV.jpg
BAS-OPUL 320LI,https://inspiry.co.nz/wp-content/uploads/2021/Basford-Brands/BAS-OPUL 320LI.jpg
BAS-OPUL 320ME,https://inspiry.co.nz/wp-content/uploads/2021/Basford-Brands/BAS-OPUL 320ME.jpg
BAS-OPUL 320SI,https://inspiry.co.nz/wp-content/uploads/2021/Basford-Brands/BAS-OPUL 320SI.jpg
BAS-OPUL 320ST,https://inspiry.co.nz/wp-content/uploads/2021/Basford-Brands/BAS-OPUL 320ST.jpg
BAS-OPUL 320TA,https://inspiry.co.nz/wp-content/uploads/2021/Basford-Brands/BAS-OPUL 320TA.jpg
BAS-OPUL 320WH,https://inspiry.co.nz/wp-content/uploads/2021/Basford-Brands/BAS-OPUL 320WH.jpg
BAS-REJU 320CL,https://inspiry.co.nz/wp-content/uploads/2021/Basford-Brands/BAS-REJU 320CL.jpg
BAS-REJU 320GR,https://inspiry.co.nz/wp-content/uploads/2021/Basford-Brands/BAS-REJU 320GR.jpg
BAS-REJU 320JE,https://inspiry.co.nz/wp-content/uploads/2021/Basford-Brands/BAS-REJU 320JE.jpg
BAS-REJU 320LI,https://inspiry.co.nz/wp-content/uploads/2021/Basford-Brands/BAS-REJU 320LI.jpg
BAS-REJU 320MA,https://inspiry.co.nz/wp-content/uploads/2021/Basford-Brands/BAS-REJU 320MA.jpg
BAS-REJU 320PA,https://inspiry.co.nz/wp-content/uploads/2021/Basford-Brands/BAS-REJU 320PA.jpg
BAS-REJU 320SH,https://inspiry.co.nz/wp-content/uploads/2021/Basford-Brands/BAS-REJU 320SH.jpg
BAS-REJU 320SR,https://inspiry.co.nz/wp-content/uploads/2021/Basford-Brands/BAS-REJU 320SR.jpg
BAS-REJU 320ST,https://inspiry.co.nz/wp-content/uploads/2021/Basford-Brands/BAS-REJU 320ST.jpg
BAS-REJU 320WH,https://inspiry.co.nz/wp-content/uploads/2021/Basford-Brands/BAS-REJU 320WH.jpg
BAS-TAY 300UNCAL,https://inspiry.co.nz/wp-content/uploads/2021/Basford-Brands/BAS-TAY 300UNCAL.jpg
BAS-TAY 300UNCBI,https://inspiry.co.nz/wp-content/uploads/2021/Basford-Brands/BAS-TAY 300UNCBI.jpg
BAS-TAY 300UNCCH,https://inspiry.co.nz/wp-content/uploads/2021/Basford-Brands/BAS-TAY 300UNCCH.jpg
BAS-TAY 300UNCCI,https://inspiry.co.nz/wp-content/uploads/2021/Basford-Brands/BAS-TAY 300UNCCI.jpg
BAS-TAY 300UNCDU,https://inspiry.co.nz/wp-content/uploads/2021/Basford-Brands/BAS-TAY 300UNCDU.jpg
BAS-TAY 300UNCMA,https://inspiry.co.nz/wp-content/uploads/2021/Basford-Brands/BAS-TAY 300UNCMA.jpg
BAS-TAY 300UNCMI,https://inspiry.co.nz/wp-content/uploads/2021/Basford-Brands/BAS-TAY 300UNCMI.jpg
BAS-TAY 300UNCNA,https://inspiry.co.nz/wp-content/uploads/2021/Basford-Brands/BAS-TAY 300UNCNA.jpg
BAS-TAY 300UNCPA,https://inspiry.co.nz/wp-content/uploads/2021/Basford-Brands/BAS-TAY 300UNCPA.jpg
BAS-TAY 300UNCPC,https://inspiry.co.nz/wp-content/uploads/2021/Basford-Brands/BAS-TAY 300UNCPC.jpg
BAS-TAY 300UNCPE,https://inspiry.co.nz/wp-content/uploads/2021/Basford-Brands/BAS-TAY 300UNCPE.jpg
BAS-TAY 300UNCPO,https://inspiry.co.nz/wp-content/uploads/2021/Basford-Brands/BAS-TAY 300UNCPO.jpg
BAS-TAY 300UNCRU,https://inspiry.co.nz/wp-content/uploads/2021/Basford-Brands/BAS-TAY 300UNCRU.jpg
BAS-TAY 300UNCSA,https://inspiry.co.nz/wp-content/uploads/2021/Basford-Brands/BAS-TAY 300UNCSA.jpg
BAS-TAY 300UNCSL,https://inspiry.co.nz/wp-content/uploads/2021/Basford-Brands/BAS-TAY 300UNCSL.jpg
BAS-TAY 300UNCSN,https://inspiry.co.nz/wp-content/uploads/2021/Basford-Brands/BAS-TAY 300UNCSN.jpg
BAS-TAY 300UNCST,https://inspiry.co.nz/wp-content/uploads/2021/Basford-Brands/BAS-TAY 300UNCST.jpg
BAS-UTO 145UNCBK,https://inspiry.co.nz/wp-content/uploads/2021/Basford-Brands/BAS-UTO 145UNCBK.jpg
BAS-UTO 145UNCBL,https://inspiry.co.nz/wp-content/uploads/2021/Basford-Brands/BAS-UTO 145UNCBL.jpg
BAS-UTO 145UNCMI,https://inspiry.co.nz/wp-content/uploads/2021/Basford-Brands/BAS-UTO 145UNCMI.jpg
BAS-UTO 145UNCTR,https://inspiry.co.nz/wp-content/uploads/2021/Basford-Brands/BAS-UTO 145UNCTR.jpg
BAS-WALK 300MU,https://inspiry.co.nz/wp-content/uploads/2021/Basford-Brands/BAS-WALK 300MU.jpg
BAS-WOOL 330BA,https://inspiry.co.nz/wp-content/uploads/2021/Basford-Brands/BAS-WOOL 330BA.jpg
BAS-WOOL 330CL,https://inspiry.co.nz/wp-content/uploads/2021/Basford-Brands/BAS-WOOL 330CL.jpg
BAS-WOOL 330DR,https://inspiry.co.nz/wp-content/uploads/2021/Basford-Brands/BAS-WOOL 330DR.jpg
BAS-WOOL 330ON,https://inspiry.co.nz/wp-content/uploads/2021/Basford-Brands/BAS-WOOL 330ON.jpg
BAS-WOOL 330SA,https://inspiry.co.nz/wp-content/uploads/2021/Basford-Brands/BAS-WOOL 330SA.jpg
BAS-WOOL 330SI,https://inspiry.co.nz/wp-content/uploads/2021/Basford-Brands/BAS-WOOL 330SI.jpg
BAS-WOOL 330SR,https://inspiry.co.nz/wp-content/uploads/2021/Basford-Brands/BAS-WOOL 330SR.jpg
BAS-WOOL 330ST,https://inspiry.co.nz/wp-content/uploads/2021/Basford-Brands/BAS-WOOL 330ST.jpg
BAS-SAL 300UNCAR,https://inspiry.co.nz/wp-content/uploads/2021/Basford-Brands/BAS-SAL 300UNCAR.jpg
BAS-SAL 300UNCFL,https://inspiry.co.nz/wp-content/uploads/2021/Basford-Brands/BAS-SAL 300UNCFL.jpg
BAS-SAL 300UNCPE,https://inspiry.co.nz/wp-content/uploads/2021/Basford-Brands/BAS-SAL 300UNCPE.jpg
BAS-SAL 300UNCSI,https://inspiry.co.nz/wp-content/uploads/2021/Basford-Brands/BAS-SAL 300UNCSI.jpg
BAS-SAL 300UNCVO,https://inspiry.co.nz/wp-content/uploads/2021/Basford-Brands/BAS-SAL 300UNCVO.jpg
BAS-BRA 140UNCRA,https://inspiry.co.nz/wp-content/uploads/2021/Basford-Brands/BAS-BRA 140UNCRA.jpg
