SKU,Images
MK-DUN-300UNCBA,https://inspiry.co.nz/wp-content/uploads/2021/Basford-Brands/MK-DUN-300UNCBA.jpg|https://inspiry.co.nz/wp-content/uploads/2021/Basford-Brands/MK-DUN-300UNCBA-1.jpg
MK-DUN-300UNCBS,https://inspiry.co.nz/wp-content/uploads/2021/Basford-Brands/MK-DUN-300UNCBS.jpg|https://inspiry.co.nz/wp-content/uploads/2021/Basford-Brands/MK-DUN-300UNCBS-1.jpg
MK-DUN-300UNCBL,https://inspiry.co.nz/wp-content/uploads/2021/Basford-Brands/MK-DUN-300UNCBL.jpg|https://inspiry.co.nz/wp-content/uploads/2021/Basford-Brands/MK-DUN-300UNCBL-1.jpg
MK-DUN-300UNCCL,https://inspiry.co.nz/wp-content/uploads/2021/Basford-Brands/MK-DUN-300UNCCL.jpg|https://inspiry.co.nz/wp-content/uploads/2021/Basford-Brands/MK-DUN-300UNCCL-1.jpg
MK-DUN-300UNCDO,https://inspiry.co.nz/wp-content/uploads/2021/Basford-Brands/MK-DUN-300UNCDO.jpg|https://inspiry.co.nz/wp-content/uploads/2021/Basford-Brands/MK-DUN-300UNCDO-1.jpg
MK-DUN-300UNCDU,https://inspiry.co.nz/wp-content/uploads/2021/Basford-Brands/MK-DUN-300UNCDU.jpg|https://inspiry.co.nz/wp-content/uploads/2021/Basford-Brands/MK-DUN-300UNCDU-1.jpg
MK-DUN-300UNCFL,https://inspiry.co.nz/wp-content/uploads/2021/Basford-Brands/MK-DUN-300UNCFL.jpg|https://inspiry.co.nz/wp-content/uploads/2021/Basford-Brands/MK-DUN-300UNCFL-1.jpg
MK-DUN-300UNCJU,https://inspiry.co.nz/wp-content/uploads/2021/Basford-Brands/MK-DUN-300UNCJU.jpg|https://inspiry.co.nz/wp-content/uploads/2021/Basford-Brands/MK-DUN-300UNCJU-1.jpg
MK-DUN-300UNCMI,https://inspiry.co.nz/wp-content/uploads/2021/Basford-Brands/MK-DUN-300UNCMI.jpg|https://inspiry.co.nz/wp-content/uploads/2021/Basford-Brands/MK-DUN-300UNCMI-1.jpg
MK-DUN-300UNCPA,https://inspiry.co.nz/wp-content/uploads/2021/Basford-Brands/MK-DUN-300UNCPA.jpg|https://inspiry.co.nz/wp-content/uploads/2021/Basford-Brands/MK-DUN-300UNCPA-1.jpg
MK-DUN-300UNCPE,https://inspiry.co.nz/wp-content/uploads/2021/Basford-Brands/MK-DUN-300UNCPE.jpg|https://inspiry.co.nz/wp-content/uploads/2021/Basford-Brands/MK-DUN-300UNCPE-1.jpg
MK-DUN-300UNCSL,https://inspiry.co.nz/wp-content/uploads/2021/Basford-Brands/MK-DUN-300UNCSL.jpg|https://inspiry.co.nz/wp-content/uploads/2021/Basford-Brands/MK-DUN-300UNCSL-1.jpg
MK-DUN-300UNCST,https://inspiry.co.nz/wp-content/uploads/2021/Basford-Brands/MK-DUN-300UNCST.jpg|https://inspiry.co.nz/wp-content/uploads/2021/Basford-Brands/MK-DUN-300UNCST-1.jpg
MK-KIN-300UNCAW,https://inspiry.co.nz/wp-content/uploads/2021/Basford-Brands/MK-KIN-300UNCAW.jpg|https://inspiry.co.nz/wp-content/uploads/2021/Basford-Brands/MK-KIN-300UNCAW-1.jpg
MK-KIN-300UNCBA,https://inspiry.co.nz/wp-content/uploads/2021/Basford-Brands/MK-KIN-300UNCBA.jpg|https://inspiry.co.nz/wp-content/uploads/2021/Basford-Brands/MK-KIN-300UNCBA-1.jpg
MK-KIN-300UNCBS,https://inspiry.co.nz/wp-content/uploads/2021/Basford-Brands/MK-KIN-300UNCBS.jpg|https://inspiry.co.nz/wp-content/uploads/2021/Basford-Brands/MK-KIN-300UNCBS-1.jpg
MK-KIN-300UNCBL,https://inspiry.co.nz/wp-content/uploads/2021/Basford-Brands/MK-KIN-300UNCBL.jpg|https://inspiry.co.nz/wp-content/uploads/2021/Basford-Brands/MK-KIN-300UNCBL-1.jpg
MK-KIN-300UNCCL,https://inspiry.co.nz/wp-content/uploads/2021/Basford-Brands/MK-KIN-300UNCCL.jpg|https://inspiry.co.nz/wp-content/uploads/2021/Basford-Brands/MK-KIN-300UNCCL-1.jpg
MK-KIN-300UNCDE,https://inspiry.co.nz/wp-content/uploads/2021/Basford-Brands/MK-KIN-300UNCDE.jpg|https://inspiry.co.nz/wp-content/uploads/2021/Basford-Brands/MK-KIN-300UNCDE-1.jpg
MK-KIN-300UNCDO,https://inspiry.co.nz/wp-content/uploads/2021/Basford-Brands/MK-KIN-300UNCDO.jpg|https://inspiry.co.nz/wp-content/uploads/2021/Basford-Brands/MK-KIN-300UNCDO-1.jpg
MK-KIN-300UNCDU,https://inspiry.co.nz/wp-content/uploads/2021/Basford-Brands/MK-KIN-300UNCDU.jpg|https://inspiry.co.nz/wp-content/uploads/2021/Basford-Brands/MK-KIN-300UNCDU-1.jpg
MK-KIN-300UNCFL,https://inspiry.co.nz/wp-content/uploads/2021/Basford-Brands/MK-KIN-300UNCFL.jpg|https://inspiry.co.nz/wp-content/uploads/2021/Basford-Brands/MK-KIN-300UNCFL-1.jpg
MK-KIN-300UNCJU,https://inspiry.co.nz/wp-content/uploads/2021/Basford-Brands/MK-KIN-300UNCJU.jpg|https://inspiry.co.nz/wp-content/uploads/2021/Basford-Brands/MK-KIN-300UNCJU-1.jpg
MK-KIN-300UNCMI,https://inspiry.co.nz/wp-content/uploads/2021/Basford-Brands/MK-KIN-300UNCMI.jpg|https://inspiry.co.nz/wp-content/uploads/2021/Basford-Brands/MK-KIN-300UNCMI-1.jpg
MK-KIN-300UNCPA,https://inspiry.co.nz/wp-content/uploads/2021/Basford-Brands/MK-KIN-300UNCPA.jpg|https://inspiry.co.nz/wp-content/uploads/2021/Basford-Brands/MK-KIN-300UNCPA-1.jpg
MK-KIN-300UNCPE,https://inspiry.co.nz/wp-content/uploads/2021/Basford-Brands/MK-KIN-300UNCPE.jpg|https://inspiry.co.nz/wp-content/uploads/2021/Basford-Brands/MK-KIN-300UNCPE-1.jpg
MK-KIN-300UNCRE,https://inspiry.co.nz/wp-content/uploads/2021/Basford-Brands/MK-KIN-300UNCRE.jpg|https://inspiry.co.nz/wp-content/uploads/2021/Basford-Brands/MK-KIN-300UNCRE-1.jpg
MK-KIN-300UNCSA,https://inspiry.co.nz/wp-content/uploads/2021/Basford-Brands/MK-KIN-300UNCSA.jpg|https://inspiry.co.nz/wp-content/uploads/2021/Basford-Brands/MK-KIN-300UNCSA-1.jpg
MK-KIN-300UNCSC,https://inspiry.co.nz/wp-content/uploads/2021/Basford-Brands/MK-KIN-300UNCSC.jpg|https://inspiry.co.nz/wp-content/uploads/2021/Basford-Brands/MK-KIN-300UNCSC-1.jpg
MK-KIN-300UNCSL,https://inspiry.co.nz/wp-content/uploads/2021/Basford-Brands/MK-KIN-300UNCSL.jpg|https://inspiry.co.nz/wp-content/uploads/2021/Basford-Brands/MK-KIN-300UNCSL-1.jpg
MK-KIN-300UNCSO,https://inspiry.co.nz/wp-content/uploads/2021/Basford-Brands/MK-KIN-300UNCSO.jpg|https://inspiry.co.nz/wp-content/uploads/2021/Basford-Brands/MK-KIN-300UNCSO-1.jpg
MK-KIN-300UNCST,https://inspiry.co.nz/wp-content/uploads/2021/Basford-Brands/MK-KIN-300UNCST.jpg|https://inspiry.co.nz/wp-content/uploads/2021/Basford-Brands/MK-KIN-300UNCST-1.jpg
MK-KIN-300UNCSR,https://inspiry.co.nz/wp-content/uploads/2021/Basford-Brands/MK-KIN-300UNCSR.jpg|https://inspiry.co.nz/wp-content/uploads/2021/Basford-Brands/MK-KIN-300UNCSR-1.jpg
MK-BOTA210220DU,https://inspiry.co.nz/wp-content/uploads/2021/Basford-Brands/MK-BOTA210220DU.jpg|https://inspiry.co.nz/wp-content/uploads/2021/Basford-Brands/MK-BOTA210220DU-1.jpg
MK-BOTA210220JE,https://inspiry.co.nz/wp-content/uploads/2021/Basford-Brands/MK-BOTA210220JE.jpg|https://inspiry.co.nz/wp-content/uploads/2021/Basford-Brands/MK-BOTA210220JE-1.jpg
MK-BOTA210220NA,https://inspiry.co.nz/wp-content/uploads/2021/Basford-Brands/MK-BOTA210220NA.jpg|https://inspiry.co.nz/wp-content/uploads/2021/Basford-Brands/MK-BOTA210220NA-1.jpg
MK-BOTA210220SI,https://inspiry.co.nz/wp-content/uploads/2021/Basford-Brands/MK-BOTA210220SI.jpg|https://inspiry.co.nz/wp-content/uploads/2021/Basford-Brands/MK-BOTA210220SI-1.jpg
MK-HAVB210220CL,https://inspiry.co.nz/wp-content/uploads/2021/Basford-Brands/MK-HAVB210220CL.jpg|https://inspiry.co.nz/wp-content/uploads/2021/Basford-Brands/MK-HAVB210220CL-1.jpg
MK-HAVB210220DR,https://inspiry.co.nz/wp-content/uploads/2021/Basford-Brands/MK-HAVB210220DR.jpg|https://inspiry.co.nz/wp-content/uploads/2021/Basford-Brands/MK-HAVB210220DR-1.jpg
MK-HAVB210220GR,https://inspiry.co.nz/wp-content/uploads/2021/Basford-Brands/MK-HAVB210220GR.jpg|https://inspiry.co.nz/wp-content/uploads/2021/Basford-Brands/MK-HAVB210220GR-1.jpg
MK-HAVB210220ON,https://inspiry.co.nz/wp-content/uploads/2021/Basford-Brands/MK-HAVB210220ON.jpg|https://inspiry.co.nz/wp-content/uploads/2021/Basford-Brands/MK-HAVB210220ON-1.jpg
MK-HAVB210220SL,https://inspiry.co.nz/wp-content/uploads/2021/Basford-Brands/MK-HAVB210220SL.jpg|https://inspiry.co.nz/wp-content/uploads/2021/Basford-Brands/MK-HAVB210220SL-1.jpg
MK-BONB140221OC,https://inspiry.co.nz/wp-content/uploads/2021/Basford-Brands/MK-BONB140221OC.jpg|https://inspiry.co.nz/wp-content/uploads/2021/Basford-Brands/MK-BONB140221OC-1.jpg
MK-HAVB180221CL,https://inspiry.co.nz/wp-content/uploads/2021/Basford-Brands/MK-HAVB180221CL.jpg|https://inspiry.co.nz/wp-content/uploads/2021/Basford-Brands/MK-HAVB180221CL-1.jpg
MK-HAVB180221DR,https://inspiry.co.nz/wp-content/uploads/2021/Basford-Brands/MK-HAVB180221DR.jpg|https://inspiry.co.nz/wp-content/uploads/2021/Basford-Brands/MK-HAVB180221DR-1.jpg
MK-HAVB180221GR,https://inspiry.co.nz/wp-content/uploads/2021/Basford-Brands/MK-HAVB180221GR.jpg|https://inspiry.co.nz/wp-content/uploads/2021/Basford-Brands/MK-HAVB180221GR-1.jpg
MK-LANB220220CH,https://inspiry.co.nz/wp-content/uploads/2021/Basford-Brands/MK-LANB220220CH.jpg|https://inspiry.co.nz/wp-content/uploads/2021/Basford-Brands/MK-LANB220220CH-1.jpg
MK-LANB220220NA,https://inspiry.co.nz/wp-content/uploads/2021/Basford-Brands/MK-LANB220220NA.jpg|https://inspiry.co.nz/wp-content/uploads/2021/Basford-Brands/MK-LANB220220NA-1.jpg
MK-LANB220220SI,https://inspiry.co.nz/wp-content/uploads/2021/Basford-Brands/MK-LANB220220SI.jpg|https://inspiry.co.nz/wp-content/uploads/2021/Basford-Brands/MK-LANB220220SI-1.jpg
MK-LANB140221CH,https://inspiry.co.nz/wp-content/uploads/2021/Basford-Brands/MK-LANB140221CH.jpg|https://inspiry.co.nz/wp-content/uploads/2021/Basford-Brands/MK-LANB140221CH-1.jpg
MK-LANB140221NA,https://inspiry.co.nz/wp-content/uploads/2021/Basford-Brands/MK-LANB140221NA.jpg|https://inspiry.co.nz/wp-content/uploads/2021/Basford-Brands/MK-LANB140221NA-1.jpg
MK-LANB140221SI,https://inspiry.co.nz/wp-content/uploads/2021/Basford-Brands/MK-LANB140221SI.jpg|https://inspiry.co.nz/wp-content/uploads/2021/Basford-Brands/MK-LANB140221SI-1.jpg
MK-MONT180221AS,https://inspiry.co.nz/wp-content/uploads/2021/Basford-Brands/MK-MONT180221AS.jpg|https://inspiry.co.nz/wp-content/uploads/2021/Basford-Brands/MK-MONT180221AS-1.jpg
MK-MONT180221GR,https://inspiry.co.nz/wp-content/uploads/2021/Basford-Brands/MK-MONT180221GR.jpg|https://inspiry.co.nz/wp-content/uploads/2021/Basford-Brands/MK-MONT180221GR-1.jpg
MK-MONT180221WH,https://inspiry.co.nz/wp-content/uploads/2021/Basford-Brands/MK-MONT180221WH.jpg|https://inspiry.co.nz/wp-content/uploads/2021/Basford-Brands/MK-MONT180221WH-1.jpg
MK-UMB-140221BL,https://inspiry.co.nz/wp-content/uploads/2021/Basford-Brands/MK-UMB-140221BL.jpg|https://inspiry.co.nz/wp-content/uploads/2021/Basford-Brands/MK-UMB-140221BL-1.jpg
MK-UMB-140221ST,https://inspiry.co.nz/wp-content/uploads/2021/Basford-Brands/MK-UMB-140221ST.jpg|https://inspiry.co.nz/wp-content/uploads/2021/Basford-Brands/MK-UMB-140221ST-1.jpg
MK-UMB-140221TR,https://inspiry.co.nz/wp-content/uploads/2021/Basford-Brands/MK-UMB-140221TR.jpg|https://inspiry.co.nz/wp-content/uploads/2021/Basford-Brands/MK-UMB-140221TR-1.jpg
MK-CATE-135221AS,https://inspiry.co.nz/wp-content/uploads/2021/Basford-Brands/MK-CATE-135221AS.jpg|https://inspiry.co.nz/wp-content/uploads/2021/Basford-Brands/MK-CATE-135221AS-1.jpg
MK-CATE-135221CH,https://inspiry.co.nz/wp-content/uploads/2021/Basford-Brands/MK-CATE-135221CH.jpg|https://inspiry.co.nz/wp-content/uploads/2021/Basford-Brands/MK-CATE-135221CH-1.jpg
MK-CATE-135221LI,https://inspiry.co.nz/wp-content/uploads/2021/Basford-Brands/MK-CATE-135221LI.jpg|https://inspiry.co.nz/wp-content/uploads/2021/Basford-Brands/MK-CATE-135221LI-1.jpg
MK-MON-180221AS,https://inspiry.co.nz/wp-content/uploads/2021/Basford-Brands/MK-MON-180221AS.jpg|https://inspiry.co.nz/wp-content/uploads/2021/Basford-Brands/MK-MON-180221AS-1.jpg
MK-MON-180221GR,https://inspiry.co.nz/wp-content/uploads/2021/Basford-Brands/MK-MON-180221GR.jpg|https://inspiry.co.nz/wp-content/uploads/2021/Basford-Brands/MK-MON-180221GR-1.jpg
MK-MON-180221WH,https://inspiry.co.nz/wp-content/uploads/2021/Basford-Brands/MK-MON-180221WH.jpg|https://inspiry.co.nz/wp-content/uploads/2021/Basford-Brands/MK-MON-180221WH-1.jpg
MK-MYK-180221AS,https://inspiry.co.nz/wp-content/uploads/2021/Basford-Brands/MK-MYK-180221AS.jpg|https://inspiry.co.nz/wp-content/uploads/2021/Basford-Brands/MK-MYK-180221AS-1.jpg
MK-MYK-180221DU,https://inspiry.co.nz/wp-content/uploads/2021/Basford-Brands/MK-MYK-180221DU.jpg|https://inspiry.co.nz/wp-content/uploads/2021/Basford-Brands/MK-MYK-180221DU-1.jpg
MK-MYK-180221IC,https://inspiry.co.nz/wp-content/uploads/2021/Basford-Brands/MK-MYK-180221IC.jpg|https://inspiry.co.nz/wp-content/uploads/2021/Basford-Brands/MK-MYK-180221IC-1.jpg
MK-MYK-180221SN,https://inspiry.co.nz/wp-content/uploads/2021/Basford-Brands/MK-MYK-180221SN.jpg|https://inspiry.co.nz/wp-content/uploads/2021/Basford-Brands/MK-MYK-180221SN-1.jpg
MK-SANT180221AS,https://inspiry.co.nz/wp-content/uploads/2021/Basford-Brands/MK-SANT180221AS.jpg|https://inspiry.co.nz/wp-content/uploads/2021/Basford-Brands/MK-SANT180221AS-1.jpg
MK-SANT180221DU,https://inspiry.co.nz/wp-content/uploads/2021/Basford-Brands/MK-SANT180221DU.jpg|https://inspiry.co.nz/wp-content/uploads/2021/Basford-Brands/MK-SANT180221DU-1.jpg
MK-SANT180221IC,https://inspiry.co.nz/wp-content/uploads/2021/Basford-Brands/MK-SANT180221IC.jpg|https://inspiry.co.nz/wp-content/uploads/2021/Basford-Brands/MK-SANT180221IC-1.jpg
MK-SANT180221SN,https://inspiry.co.nz/wp-content/uploads/2021/Basford-Brands/MK-SANT180221SN.jpg|https://inspiry.co.nz/wp-content/uploads/2021/Basford-Brands/MK-SANT180221SN-1.jpg
MK-ATRI060210BL,https://inspiry.co.nz/wp-content/uploads/2021/Basford-Brands/MK-ATRI060210BL.jpg|https://inspiry.co.nz/wp-content/uploads/2021/Basford-Brands/MK-ATRI060210BL-1.jpg
MK-ATRI060210NS,https://inspiry.co.nz/wp-content/uploads/2021/Basford-Brands/MK-ATRI060210NS.jpg|https://inspiry.co.nz/wp-content/uploads/2021/Basford-Brands/MK-ATRI060210NS-1.jpg
MK-ATRI060210SI,https://inspiry.co.nz/wp-content/uploads/2021/Basford-Brands/MK-ATRI060210SI.jpg|https://inspiry.co.nz/wp-content/uploads/2021/Basford-Brands/MK-ATRI060210SI-1.jpg
MK-ATRI060210WH,https://inspiry.co.nz/wp-content/uploads/2021/Basford-Brands/MK-ATRI060210WH.jpg|https://inspiry.co.nz/wp-content/uploads/2021/Basford-Brands/MK-ATRI060210WH-1.jpg
MK-CATO-210220AS,https://inspiry.co.nz/wp-content/uploads/2021/Basford-Brands/MK-CATO-210220AS.jpg|https://inspiry.co.nz/wp-content/uploads/2021/Basford-Brands/MK-CATO-210220AS-1.jpg
MK-CATO-210220CH,https://inspiry.co.nz/wp-content/uploads/2021/Basford-Brands/MK-CATO-210220CH.jpg|https://inspiry.co.nz/wp-content/uploads/2021/Basford-Brands/MK-CATO-210220CH-1.jpg
MK-CATO-210220LI,https://inspiry.co.nz/wp-content/uploads/2021/Basford-Brands/MK-CATO-210220LI.jpg|https://inspiry.co.nz/wp-content/uploads/2021/Basford-Brands/MK-CATO-210220LI-1.jpg
MK-VIS060240BL,https://inspiry.co.nz/wp-content/uploads/2021/Basford-Brands/MK-VIS060240BL.jpg|https://inspiry.co.nz/wp-content/uploads/2021/Basford-Brands/MK-VIS060240BL-1.jpg
MK-VIS060240SI,https://inspiry.co.nz/wp-content/uploads/2021/Basford-Brands/MK-VIS060240SI.jpg|https://inspiry.co.nz/wp-content/uploads/2021/Basford-Brands/MK-VIS060240SI-1.jpg
MK-VIS060240ST,https://inspiry.co.nz/wp-content/uploads/2021/Basford-Brands/MK-VIS060240ST.jpg|https://inspiry.co.nz/wp-content/uploads/2021/Basford-Brands/MK-VIS060240ST-1.jpg
MK-VIS060240WH,https://inspiry.co.nz/wp-content/uploads/2021/Basford-Brands/MK-VIS060240WH.jpg|https://inspiry.co.nz/wp-content/uploads/2021/Basford-Brands/MK-VIS060240WH-1.jpg
MK-PILB-300LI,https://inspiry.co.nz/wp-content/uploads/2021/Basford-Brands/MK-PILB-300LI.jpg|https://inspiry.co.nz/wp-content/uploads/2021/Basford-Brands/MK-PILB-300LI-1.jpg
MK-PILB-300MA,https://inspiry.co.nz/wp-content/uploads/2021/Basford-Brands/MK-PILB-300MA.jpg|https://inspiry.co.nz/wp-content/uploads/2021/Basford-Brands/MK-PILB-300MA-1.jpg
MK-PILB-300PE,https://inspiry.co.nz/wp-content/uploads/2021/Basford-Brands/MK-PILB-300PE.jpg|https://inspiry.co.nz/wp-content/uploads/2021/Basford-Brands/MK-PILB-300PE-1.jpg
MK-PILB-300QU,https://inspiry.co.nz/wp-content/uploads/2021/Basford-Brands/MK-PILB-300QU.jpg|https://inspiry.co.nz/wp-content/uploads/2021/Basford-Brands/MK-PILB-300QU-1.jpg
MK-PILB-300ST,https://inspiry.co.nz/wp-content/uploads/2021/Basford-Brands/MK-PILB-300ST.jpg|https://inspiry.co.nz/wp-content/uploads/2021/Basford-Brands/MK-PILB-300ST-1.jpg
MK-PILB-300TA,https://inspiry.co.nz/wp-content/uploads/2021/Basford-Brands/MK-PILB-300TA.jpg|https://inspiry.co.nz/wp-content/uploads/2021/Basford-Brands/MK-PILB-300TA-1.jpg
MK-PILB-300GR,https://inspiry.co.nz/wp-content/uploads/2021/Basford-Brands/MK-PILB-300GR.jpg|https://inspiry.co.nz/wp-content/uploads/2021/Basford-Brands/MK-PILB-300GR-1.jpg
MK-PILB-300PA,https://inspiry.co.nz/wp-content/uploads/2021/Basford-Brands/MK-PILB-300PA.jpg|https://inspiry.co.nz/wp-content/uploads/2021/Basford-Brands/MK-PILB-300PA-1.jpg
MK-PILB-300BR,https://inspiry.co.nz/wp-content/uploads/2021/Basford-Brands/MK-PILB-300BR.jpg|https://inspiry.co.nz/wp-content/uploads/2021/Basford-Brands/MK-PILB-300BR-1.jpg
MK-PILB-300VO,https://inspiry.co.nz/wp-content/uploads/2021/Basford-Brands/MK-PILB-300VO.jpg|https://inspiry.co.nz/wp-content/uploads/2021/Basford-Brands/MK-PILB-300VO-1.jpg
MK-PILB-300FL,https://inspiry.co.nz/wp-content/uploads/2021/Basford-Brands/MK-PILB-300FL.jpg|https://inspiry.co.nz/wp-content/uploads/2021/Basford-Brands/MK-PILB-300FL-1.jpg
MK-PILB-300IC,https://inspiry.co.nz/wp-content/uploads/2021/Basford-Brands/MK-PILB-300IC.jpg|https://inspiry.co.nz/wp-content/uploads/2021/Basford-Brands/MK-PILB-300IC-1.jpg
